TT,Họ và tên,Mã nhân viên ,Căn cước công dân,Chức vụ công đoàn ,"Chức vụ, đơn vị công tác hiện nay","Ngày, tháng,
 năm sinh",,Dân tộc,Quê quán,Ngày vào Đảng,Học vấn phổ thông,Chuyên môn,Chính trị,Ngoại ngữ,Email,Điện thoại,"Bộ phận, phòng ban"
801,Trần Trọng Hữu,HT01466,079088017083,Công đoàn viên,"Nhân viên bảo trì, sửa chữa thiết bị mạng, máy tính hoặc thiết bị viễn thông (kỹ sư)",10/01/1988,,Kinh,Thành phố Hồ Chí Minh,,Đại học,,,huutt@mobifone.vn,0908100183,MN_HTNV_TTML VHKT&UCTT
802,Nguyễn Thanh Long,HT03543,075084013470,Công đoàn viên,Kỹ sư VHKT & UCTT mạng viễn thông,12/12/1984,,Kinh,Tỉnh Đồng Nai,,Đại học,,,longnt@mobifone.vn,0908855443,MN_HTNV_MBF Đồng Nai
803,Lê Hoài Phương,HT03545,075085002411,Công đoàn viên,Nhân viên VHKT & UCTT mạng viễn thông,04/09/1985,,Kinh,Tỉnh Đồng Nai,,Đại học,,,phuonglh@mobifone.vn,0908240985,MN_HTNV_MBF Đồng Nai
804,Lê Viết Đỗ Quyên,HT03546,075185011704,Công đoàn viên,Nhân viên VHKT & UCTT mạng viễn thông,,18/06/1985,Kinh,Tỉnh Đồng Nai,,Đại học,,,quyenlvd@mobifone.vn,0938668988,MN_HTNV_MBF Đồng Nai
805,Trần Tấn Trực,HT03547,075085002439,Công đoàn viên,Nhân viên VHKT & UCTT mạng viễn thông,04/09/1985,,Kinh,Tỉnh Đồng Nai,,Đại học,,,tructt@mobifone.vn,0908855439,MN_HTNV_MBF Đồng Nai
806,Lâm Văn Thảo,HT03548,075085002445,Công đoàn viên,Nhân viên VHKT & UCTT mạng viễn thông,26/08/1985,,Kinh,Tỉnh Đồng Nai,,Đại học,,,thaolv@mobifone.vn,0908260885,MN_HTNV_MBF Đồng Nai
807,Dương Tấn Khoa,HT03549,075085002437,Công đoàn viên,Nhân viên VHKT & UCTT mạng viễn thông,04/09/1985,,Kinh,Tỉnh Đồng Nai,,Đại học,,,khoadt@mobifone.vn,0908855437,MN_HTNV_MBF Đồng Nai
808,Thái Hữu Định,HT03550,075085002426,Công đoàn viên,Nhân viên VHKT & UCTT mạng viễn thông,04/09/1985,,Kinh,Tỉnh Đồng Nai,,Đại học,,,dinhth@mobifone.vn,0908240985,MN_HTNV_MBF Đồng Nai
809,Lê Minh Trí,HT03551,075085002417,Công đoàn viên,Nhân viên VHKT & UCTT mạng viễn thông,04/09/1985,,Kinh,Tỉnh Đồng Nai,,Đại học,,,trilm@mobifone.vn,0908240985,MN_HTNV_MBF Đồng Nai
810,Nguyễn Huy Cường,HT03552,075085002416,Công đoàn viên,Nhân viên VHKT & UCTT mạng viễn thông,04/09/1985,,Kinh,Tỉnh Đồng Nai,,Đại học,,,cuongnh@mobifone.vn,0908240985,MN_HTNV_MBF Đồng Nai
811,Bùi Văn Sang,HT03553,075085002415,Công đoàn viên,Nhân viên VHKT & UCTT mạng viễn thông,04/09/1985,,Kinh,Tỉnh Đồng Nai,,Đại học,,,sangbv@mobifone.vn,0908240985,MN_HTNV_MBF Đồng Nai
812,Phạm Hùng Việt,HT03554,075085002414,Công đoàn viên,Nhân viên VHKT & UCTT mạng viễn thông,04/09/1985,,Kinh,Tỉnh Đồng Nai,,Đại học,,,vietph@mobifone.vn,0908240985,MN_HTNV_MBF Đồng Nai
813,Đoàn Văn Nam,HT03555,075085002413,Công đoàn viên,Nhân viên VHKT & UCTT mạng viễn thông,04/09/1985,,Kinh,Tỉnh Đồng Nai,,Đại học,,,namdv@mobifone.vn,0908240985,MN_HTNV_MBF Đồng Nai
814,Nguyễn Duy Khánh,HT03556,075085002412,Công đoàn viên,Nhân viên VHKT & UCTT mạng viễn thông,04/09/1985,,Kinh,Tỉnh Đồng Nai,,Đại học,,,khanhnd@mobifone.vn,0908240985,MN_HTNV_MBF Đồng Nai
815,Nguyễn Hoài Phương,HT03557,075085002411,Công đoàn viên,Nhân viên VHKT & UCTT mạng viễn thông,04/09/1985,,Kinh,Tỉnh Đồng Nai,,Đại học,,,phuongnh@mobifone.vn,0908240985,MN_HTNV_MBF Đồng Nai
816,Nguyễn Quốc Huy,HT03558,075085002410,Công đoàn viên,Nhân viên VHKT & UCTT mạng viễn thông,04/09/1985,,Kinh,Tỉnh Đồng Nai,,Đại học,,,huynq@mobifone.vn,0908240985,MN_HTNV_MBF Đồng Nai
817,Bùi Huy Khánh,HT03559,075085002409,Công đoàn viên,Nhân viên VHKT & UCTT mạng viễn thông,04/09/1985,,Kinh,Tỉnh Đồng Nai,,Đại học,,,khanhbh@mobifone.vn,0908240985,MN_HTNV_MBF Đồng Nai
818,Trần Tấn Tài,HT03560,075085002408,Công đoàn viên,Nhân viên VHKT & UCTT mạng viễn thông,04/09/1985,,Kinh,Tỉnh Đồng Nai,,Đại học,,,taitt@mobifone.vn,0908240985,MN_HTNV_MBF Đồng Nai
819,Đặng Văn Bình,HT03561,075085002407,Công đoàn viên,Nhân viên VHKT & UCTT mạng viễn thông,04/09/1985,,Kinh,Tỉnh Đồng Nai,,Đại học,,,binhdv@mobifone.vn,0908240985,MN_HTNV_MBF Đồng Nai
820,Đoàn Minh Trí,HT03562,075085002406,Công đoàn viên,Nhân viên VHKT & UCTT mạng viễn thông,04/09/1985,,Kinh,Tỉnh Đồng Nai,,Đại học,,,tridm@mobifone.vn,0908240985,MN_HTNV_MBF Đồng Nai
821,Lê Quốc Hưng,HT03563,075085002405,Công đoàn viên,Nhân viên VHKT & UCTT mạng viễn thông,04/09/1985,,Kinh,Tỉnh Đồng Nai,,Đại học,,,hunglq@mobifone.vn,0908240985,MN_HTNV_MBF Đồng Nai
822,Vương Quốc Cường,HT03564,075085002404,Công đoàn viên,Nhân viên VHKT & UCTT mạng viễn thông,04/09/1985,,Kinh,Tỉnh Đồng Nai,,Đại học,,,cuongvq@mobifone.vn,0908240985,MN_HTNV_MBF Đồng Nai
823,Lý Văn Bình,HT03565,075085002403,Công đoàn viên,Nhân viên VHKT & UCTT mạng viễn thông,04/09/1985,,Kinh,Tỉnh Đồng Nai,,Đại học,,,binhlv@mobifone.vn,0908240985,MN_HTNV_MBF Đồng Nai
824,Nguyễn Hoài Thương,HT03566,075085002402,Công đoàn viên,Nhân viên VHKT & UCTT mạng viễn thông,04/09/1985,,Kinh,Tỉnh Đồng Nai,,Đại học,,,thuongnh@mobifone.vn,0908240985,MN_HTNV_MBF Đồng Nai
825,Trần Thanh Liêm,HT03567,075085002401,Công đoàn viên,Nhân viên VHKT & UCTT mạng viễn thông,04/09/1985,,Kinh,Tỉnh Đồng Nai,,Đại học,,,liemtt@mobifone.vn,0908240985,MN_HTNV_MBF Đồng Nai
826,Trịnh Hùng Thuận,HT03568,075085002400,Công đoàn viên,Nhân viên VHKT & UCTT mạng viễn thông,04/09/1985,,Kinh,Tỉnh Đồng Nai,,Đại học,,,thuanth@mobifone.vn,0908240985,MN_HTNV_MBF Đồng Nai
827,Trần Hoài Nam,HT03569,075085002399,Công đoàn viên,Nhân viên VHKT & UCTT mạng viễn thông,04/09/1985,,Kinh,Tỉnh Đồng Nai,,Đại học,,,namth@mobifone.vn,0908240985,MN_HTNV_MBF Đồng Nai
828,Nguyễn Quốc Huy,HT03570,075085002398,Công đoàn viên,Nhân viên VHKT & UCTT mạng viễn thông,04/09/1985,,Kinh,Tỉnh Đồng Nai,,Đại học,,,huynq1@mobifone.vn,0908240985,MN_HTNV_MBF Đồng Nai
829,Phan Hoài Nam,HT03571,075085002397,Công đoàn viên,Nhân viên VHKT & UCTT mạng viễn thông,04/09/1985,,Kinh,Tỉnh Đồng Nai,,Đại học,,,namph@mobifone.vn,0908240985,MN_HTNV_MBF Đồng Nai
830,Trần Hoài Thương,HT03572,075085002396,Công đoàn viên,Nhân viên VHKT & UCTT mạng viễn thông,04/09/1985,,Kinh,Tỉnh Đồng Nai,,Đại học,,,thuongth@mobifone.vn,0908240985,MN_HTNV_MBF Đồng Nai
831,Nguyễn Quốc Thương,HT03573,075085002395,Công đoàn viên,Nhân viên VHKT & UCTT mạng viễn thông,04/09/1985,,Kinh,Tỉnh Đồng Nai,,Đại học,,,thuongnq@mobifone.vn,0908240985,MN_HTNV_MBF Đồng Nai
832,Nguyễn Trường Chinh,HT03574,075085002394,Công đoàn viên,Nhân viên VHKT & UCTT mạng viễn thông,04/09/1985,,Kinh,Tỉnh Đồng Nai,,Đại học,,,chinhnt1@mobifone.vn,0908240985,MN_HTNV_MBF Đồng Nai
833,Đinh Hùng Cường,HT03575,075085002393,Công đoàn viên,Nhân viên VHKT & UCTT mạng viễn thông,04/09/1985,,Kinh,Tỉnh Đồng Nai,,Đại học,,,cuongdh@mobifone.vn,0908240985,MN_HTNV_MBF Đồng Nai
834,Trần Đăng Khoa,HT03576,075085002392,Công đoàn viên,Nhân viên VHKT & UCTT mạng viễn thông,04/09/1985,,Kinh,Tỉnh Đồng Nai,,Đại học,,,khoatd2@mobifone.vn,0908240985,MN_HTNV_MBF Đồng Nai
835,Trịnh Đăng Khoa,HT03577,075085002391,Công đoàn viên,Nhân viên VHKT & UCTT mạng viễn thông,04/09/1985,,Kinh,Tỉnh Đồng Nai,,Đại học,,,khoatd3@mobifone.vn,0908240985,MN_HTNV_MBF Đồng Nai
836,Lâm Đăng Khoa,HT03578,075085002390,Công đoàn viên,Nhân viên VHKT & UCTT mạng viễn thông,04/09/1985,,Kinh,Tỉnh Đồng Nai,,Đại học,,,khoald@mobifone.vn,0908240985,MN_HTNV_MBF Đồng Nai
837,Đỗ Minh Trí,HT03579,075085002389,Công đoàn viên,Nhân viên VHKT & UCTT mạng viễn thông,04/09/1985,,Kinh,Tỉnh Đồng Nai,,Đại học,,,tridm1@mobifone.vn,0908240985,MN_HTNV_MBF Đồng Nai
838,Lê Hùng Cường,HT03580,075085002388,Công đoàn viên,Nhân viên VHKT & UCTT mạng viễn thông,04/09/1985,,Kinh,Tỉnh Đồng Nai,,Đại học,,,cuonglh@mobifone.vn,0908240985,MN_HTNV_MBF Đồng Nai
839,Nguyễn Hoài Thương,HT03581,075085002387,Công đoàn viên,Nhân viên VHKT & UCTT mạng viễn thông,04/09/1985,,Kinh,Tỉnh Đồng Nai,,Đại học,,,thuongnh1@mobifone.vn,0908240985,MN_HTNV_MBF Đồng Nai
840,Trần Đăng Khoa,HT03582,075085002386,Công đoàn viên,Nhân viên VHKT & UCTT mạng viễn thông,04/09/1985,,Kinh,Tỉnh Đồng Nai,,Đại học,,,khoatd4@mobifone.vn,0908240985,MN_HTNV_MBF Đồng Nai
841,Nguyễn Duy Khánh,HT03583,075085002385,Công đoàn viên,Nhân viên VHKT & UCTT mạng viễn thông,04/09/1985,,Kinh,Tỉnh Đồng Nai,,Đại học,,,khanhnd1@mobifone.vn,0908240985,MN_HTNV_MBF Đồng Nai
842,Võ Minh Trí,HT03584,075085002384,Công đoàn viên,Nhân viên VHKT & UCTT mạng viễn thông,04/09/1985,,Kinh,Tỉnh Đồng Nai,,Đại học,,,trimv@mobifone.vn,0908240985,MN_HTNV_MBF Đồng Nai
843,Nguyễn Duy Khánh,HT03585,075085002383,Công đoàn viên,Nhân viên VHKT & UCTT mạng viễn thông,04/09/1985,,Kinh,Tỉnh Đồng Nai,,Đại học,,,khanhnd2@mobifone.vn,0908240985,MN_HTNV_MBF Đồng Nai
844,Trần Đăng Khoa,HT03586,075085002382,Công đoàn viên,Nhân viên VHKT & UCTT mạng viễn thông,04/09/1985,,Kinh,Tỉnh Đồng Nai,,Đại học,,,khoatd5@mobifone.vn,0908240985,MN_HTNV_MBF Đồng Nai
845,Trần Hùng Cường,HT03587,075085002381,Công đoàn viên,Nhân viên VHKT & UCTT mạng viễn thông,04/09/1985,,Kinh,Tỉnh Đồng Nai,,Đại học,,,cuongth1@mobifone.vn,0908240985,MN_HTNV_MBF Đồng Nai
846,Nguyễn Duy Khánh,HT03588,075085002380,Công đoàn viên,Nhân viên VHKT & UCTT mạng viễn thông,04/09/1985,,Kinh,Tỉnh Đồng Nai,,Đại học,,,khanhnd3@mobifone.vn,0908240985,MN_HTNV_MBF Đồng Nai
847,Võ Minh Trí,HT03589,075085002379,Công đoàn viên,Nhân viên VHKT & UCTT mạng viễn thông,04/09/1985,,Kinh,Tỉnh Đồng Nai,,Đại học,,,trimv1@mobifone.vn,0908240985,MN_HTNV_MBF Đồng Nai
848,Nguyễn Duy Khánh,HT03590,075085002378,Công đoàn viên,Nhân viên VHKT & UCTT mạng viễn thông,04/09/1985,,Kinh,Tỉnh Đồng Nai,,Đại học,,,khanhnd4@mobifone.vn,0908240985,MN_HTNV_MBF Đồng Nai
849,Trần Đăng Khoa,HT03591,075085002377,Công đoàn viên,Nhân viên VHKT & UCTT mạng viễn thông,04/09/1985,,Kinh,Tỉnh Đồng Nai,,Đại học,,,khoatd6@mobifone.vn,0908240985,MN_HTNV_MBF Đồng Nai
850,Trần Hùng Cường,HT03592,075085002376,Công đoàn viên,Nhân viên VHKT & UCTT mạng viễn thông,04/09/1985,,Kinh,Tỉnh Đồng Nai,,Đại học,,,cuongth2@mobifone.vn,0908240985,MN_HTNV_MBF Đồng Nai
851,Nguyễn Duy Khánh,HT03593,075085002375,Công đoàn viên,Nhân viên VHKT & UCTT mạng viễn thông,04/09/1985,,Kinh,Tỉnh Đồng Nai,,Đại học,,,khanhnd5@mobifone.vn,0908240985,MN_HTNV_MBF Đồng Nai
852,Võ Minh Trí,HT03594,075085002374,Công đoàn viên,Nhân viên VHKT & UCTT mạng viễn thông,04/09/1985,,Kinh,Tỉnh Đồng Nai,,Đại học,,,trimv2@mobifone.vn,0908240985,MN_HTNV_MBF Đồng Nai
853,Nguyễn Duy Khánh,HT03595,075085002373,Công đoàn viên,Nhân viên VHKT & UCTT mạng viễn thông,04/09/1985,,Kinh,Tỉnh Đồng Nai,,Đại học,,,khanhnd6@mobifone.vn,0908240985,MN_HTNV_MBF Đồng Nai
854,Trần Đăng Khoa,HT03596,075085002372,Công đoàn viên,Nhân viên VHKT & UCTT mạng viễn thông,04/09/1985,,Kinh,Tỉnh Đồng Nai,,Đại học,,,khoatd7@mobifone.vn,0908240985,MN_HTNV_MBF Đồng Nai
855,Trần Hùng Cường,HT03597,075085002371,Công đoàn viên,Nhân viên VHKT & UCTT mạng viễn thông,04/09/1985,,Kinh,Tỉnh Đồng Nai,,Đại học,,,cuongth3@mobifone.vn,0908240985,MN_HTNV_MBF Đồng Nai
856,Nguyễn Duy Khánh,HT03598,075085002370,Công đoàn viên,Nhân viên VHKT & UCTT mạng viễn thông,04/09/1985,,Kinh,Tỉnh Đồng Nai,,Đại học,,,khanhnd7@mobifone.vn,0908240985,MN_HTNV_MBF Đồng Nai
857,Võ Minh Trí,HT03599,075085002369,Công đoàn viên,Nhân viên VHKT & UCTT mạng viễn thông,04/09/1985,,Kinh,Tỉnh Đồng Nai,,Đại học,,,trimv3@mobifone.vn,0908240985,MN_HTNV_MBF Đồng Nai
858,Nguyễn Duy Khánh,HT03600,075085002368,Công đoàn viên,Nhân viên VHKT & UCTT mạng viễn thông,04/09/1985,,Kinh,Tỉnh Đồng Nai,,Đại học,,,khanhnd8@mobifone.vn,0908240985,MN_HTNV_MBF Đồng Nai
859,Trần Đăng Khoa,HT03601,075085002367,Công đoàn viên,Nhân viên VHKT & UCTT mạng viễn thông,04/09/1985,,Kinh,Tỉnh Đồng Nai,,Đại học,,,khoatd8@mobifone.vn,0908240985,MN_HTNV_MBF Đồng Nai
860,Trần Hùng Cường,HT03602,075085002366,Công đoàn viên,Nhân viên VHKT & UCTT mạng viễn thông,04/09/1985,,Kinh,Tỉnh Đồng Nai,,Đại học,,,cuongth4@mobifone.vn,0908240985,MN_HTNV_MBF Đồng Nai
861,Nguyễn Duy Khánh,HT03603,075085002365,Công đoàn viên,Nhân viên VHKT & UCTT mạng viễn thông,04/09/1985,,Kinh,Tỉnh Đồng Nai,,Đại học,,,khanhnd9@mobifone.vn,0908240985,MN_HTNV_MBF Đồng Nai
862,Võ Minh Trí,HT03604,075085002364,Công đoàn viên,Nhân viên VHKT & UCTT mạng viễn thông,04/09/1985,,Kinh,Tỉnh Đồng Nai,,Đại học,,,trimv4@mobifone.vn,0908240985,MN_HTNV_MBF Đồng Nai
863,Nguyễn Duy Khánh,HT03605,075085002363,Công đoàn viên,Nhân viên VHKT & UCTT mạng viễn thông,04/09/1985,,Kinh,Tỉnh Đồng Nai,,Đại học,,,khanhnd10@mobifone.vn,0908240985,MN_HTNV_MBF Đồng Nai
864,Trần Đăng Khoa,HT03606,075085002362,Công đoàn viên,Nhân viên VHKT & UCTT mạng viễn thông,04/09/1985,,Kinh,Tỉnh Đồng Nai,,Đại học,,,khoatd9@mobifone.vn,0908240985,MN_HTNV_MBF Đồng Nai
865,Trần Hùng Cường,HT03607,075085002361,Công đoàn viên,Nhân viên VHKT & UCTT mạng viễn thông,04/09/1985,,Kinh,Tỉnh Đồng Nai,,Đại học,,,cuongth5@mobifone.vn,0908240985,MN_HTNV_MBF Đồng Nai
866,Nguyễn Duy Khánh,HT03608,075085002360,Công đoàn viên,Nhân viên VHKT & UCTT mạng viễn thông,04/09/1985,,Kinh,Tỉnh Đồng Nai,,Đại học,,,khanhnd11@mobifone.vn,0908240985,MN_HTNV_MBF Đồng Nai
867,Võ Minh Trí,HT03609,075085002359,Công đoàn viên,Nhân viên VHKT & UCTT mạng viễn thông,04/09/1985,,Kinh,Tỉnh Đồng Nai,,Đại học,,,trimv5@mobifone.vn,0908240985,MN_HTNV_MBF Đồng Nai
868,Nguyễn Duy Khánh,HT03610,075085002358,Công đoàn viên,Nhân viên VHKT & UCTT mạng viễn thông,04/09/1985,,Kinh,Tỉnh Đồng Nai,,Đại học,,,khanhnd12@mobifone.vn,0908240985,MN_HTNV_MBF Đồng Nai
869,Trần Đăng Khoa,HT03611,075085002357,Công đoàn viên,Nhân viên VHKT & UCTT mạng viễn thông,04/09/1985,,Kinh,Tỉnh Đồng Nai,,Đại học,,,khoatd10@mobifone.vn,0908240985,MN_HTNV_MBF Đồng Nai
870,Trần Hùng Cường,HT03612,075085002356,Công đoàn viên,Nhân viên VHKT & UCTT mạng viễn thông,04/09/1985,,Kinh,Tỉnh Đồng Nai,,Đại học,,,cuongth6@mobifone.vn,0908240985,MN_HTNV_MBF Đồng Nai
871,Nguyễn Duy Khánh,HT03613,075085002355,Công đoàn viên,Nhân viên VHKT & UCTT mạng viễn thông,04/09/1985,,Kinh,Tỉnh Đồng Nai,,Đại học,,,khanhnd13@mobifone.vn,0908240985,MN_HTNV_MBF Đồng Nai
872,Võ Minh Trí,HT03614,075085002354,Công đoàn viên,Nhân viên VHKT & UCTT mạng viễn thông,04/09/1985,,Kinh,Tỉnh Đồng Nai,,Đại học,,,trimv6@mobifone.vn,0908240985,MN_HTNV_MBF Đồng Nai
873,Nguyễn Duy Khánh,HT03615,075085002353,Công đoàn viên,Nhân viên VHKT & UCTT mạng viễn thông,04/09/1985,,Kinh,Tỉnh Đồng Nai,,Đại học,,,khanhnd14@mobifone.vn,0908240985,MN_HTNV_MBF Đồng Nai
874,Trần Đăng Khoa,HT03616,075085002352,Công đoàn viên,Nhân viên VHKT & UCTT mạng viễn thông,04/09/1985,,Kinh,Tỉnh Đồng Nai,,Đại học,,,khoatd11@mobifone.vn,0908240985,MN_HTNV_MBF Đồng Nai
875,Trần Hùng Cường,HT03617,075085002351,Công đoàn viên,Nhân viên VHKT & UCTT mạng viễn thông,04/09/1985,,Kinh,Tỉnh Đồng Nai,,Đại học,,,cuongth7@mobifone.vn,0908240985,MN_HTNV_MBF Đồng Nai
876,Nguyễn Duy Khánh,HT03618,075085002350,Công đoàn viên,Nhân viên VHKT & UCTT mạng viễn thông,04/09/1985,,Kinh,Tỉnh Đồng Nai,,Đại học,,,khanhnd15@mobifone.vn,0908240985,MN_HTNV_MBF Đồng Nai
877,Võ Minh Trí,HT03619,075085002349,Công đoàn viên,Nhân viên VHKT & UCTT mạng viễn thông,04/09/1985,,Kinh,Tỉnh Đồng Nai,,Đại học,,,trimv7@mobifone.vn,0908240985,MN_HTNV_MBF Đồng Nai
878,Nguyễn Duy Khánh,HT03620,075085002348,Công đoàn viên,Nhân viên VHKT & UCTT mạng viễn thông,04/09/1985,,Kinh,Tỉnh Đồng Nai,,Đại học,,,khanhnd16@mobifone.vn,0908240985,MN_HTNV_MBF Đồng Nai
879,Trần Đăng Khoa,HT03621,075085002347,Công đoàn viên,Nhân viên VHKT & UCTT mạng viễn thông,04/09/1985,,Kinh,Tỉnh Đồng Nai,,Đại học,,,khoatd12@mobifone.vn,0908240985,MN_HTNV_MBF Đồng Nai
880,Trần Hùng Cường,HT03622,075085002346,Công đoàn viên,Nhân viên VHKT & UCTT mạng viễn thông,04/09/1985,,Kinh,Tỉnh Đồng Nai,,Đại học,,,cuongth8@mobifone.vn,0908240985,MN_HTNV_MBF Đồng Nai
881,Nguyễn Duy Khánh,HT03623,075085002345,Công đoàn viên,Nhân viên VHKT & UCTT mạng viễn thông,04/09/1985,,Kinh,Tỉnh Đồng Nai,,Đại học,,,khanhnd17@mobifone.vn,0908240985,MN_HTNV_MBF Đồng Nai
882,Võ Minh Trí,HT03624,075085002344,Công đoàn viên,Nhân viên VHKT & UCTT mạng viễn thông,04/09/1985,,Kinh,Tỉnh Đồng Nai,,Đại học,,,trimv8@mobifone.vn,0908240985,MN_HTNV_MBF Đồng Nai
883,Nguyễn Duy Khánh,HT03625,075085002343,Công đoàn viên,Nhân viên VHKT & UCTT mạng viễn thông,04/09/1985,,Kinh,Tỉnh Đồng Nai,,Đại học,,,khanhnd18@mobifone.vn,0908240985,MN_HTNV_MBF Đồng Nai
884,Trần Đăng Khoa,HT03626,075085002342,Công đoàn viên,Nhân viên VHKT & UCTT mạng viễn thông,04/09/1985,,Kinh,Tỉnh Đồng Nai,,Đại học,,,khoatd13@mobifone.vn,0908240985,MN_HTNV_MBF Đồng Nai
885,Trần Hùng Cường,HT03627,075085002341,Công đoàn viên,Nhân viên VHKT & UCTT mạng viễn thông,04/09/1985,,Kinh,Tỉnh Đồng Nai,,Đại học,,,cuongth9@mobifone.vn,0908240985,MN_HTNV_MBF Đồng Nai
886,Nguyễn Duy Khánh,HT03628,075085002340,Công đoàn viên,Nhân viên VHKT & UCTT mạng viễn thông,04/09/1985,,Kinh,Tỉnh Đồng Nai,,Đại học,,,khanhnd19@mobifone.vn,0908240985,MN_HTNV_MBF Đồng Nai
887,Võ Minh Trí,HT03629,075085002339,Công đoàn viên,Nhân viên VHKT & UCTT mạng viễn thông,04/09/1985,,Kinh,Tỉnh Đồng Nai,,Đại học,,,trimv9@mobifone.vn,0908240985,MN_HTNV_MBF Đồng Nai
888,Nguyễn Duy Khánh,HT03630,075085002338,Công đoàn viên,Nhân viên VHKT & UCTT mạng viễn thông,04/09/1985,,Kinh,Tỉnh Đồng Nai,,Đại học,,,khanhnd20@mobifone.vn,0908240985,MN_HTNV_MBF Đồng Nai
889,Trần Đăng Khoa,HT03631,075085002337,Công đoàn viên,Nhân viên VHKT & UCTT mạng viễn thông,04/09/1985,,Kinh,Tỉnh Đồng Nai,,Đại học,,,khoatd14@mobifone.vn,0908240985,MN_HTNV_MBF Đồng Nai
890,Trần Hùng Cường,HT03632,075085002336,Công đoàn viên,Nhân viên VHKT & UCTT mạng viễn thông,04/09/1985,,Kinh,Tỉnh Đồng Nai,,Đại học,,,cuongth10@mobifone.vn,0908240985,MN_HTNV_MBF Đồng Nai
891,Nguyễn Duy Khánh,HT03633,075085002335,Công đoàn viên,Nhân viên VHKT & UCTT mạng viễn thông,04/09/1985,,Kinh,Tỉnh Đồng Nai,,Đại học,,,khanhnd21@mobifone.vn,0908240985,MN_HTNV_MBF Đồng Nai
892,Võ Minh Trí,HT03634,075085002334,Công đoàn viên,Nhân viên VHKT & UCTT mạng viễn thông,04/09/1985,,Kinh,Tỉnh Đồng Nai,,Đại học,,,trimv10@mobifone.vn,0908240985,MN_HTNV_MBF Đồng Nai
893,Nguyễn Duy Khánh,HT03635,075085002333,Công đoàn viên,Nhân viên VHKT & UCTT mạng viễn thông,04/09/1985,,Kinh,Tỉnh Đồng Nai,,Đại học,,,khanhnd22@mobifone.vn,0908240985,MN_HTNV_MBF Đồng Nai
894,Trần Đăng Khoa,HT03636,075085002332,Công đoàn viên,Nhân viên VHKT & UCTT mạng viễn thông,04/09/1985,,Kinh,Tỉnh Đồng Nai,,Đại học,,,khoatd15@mobifone.vn,0908240985,MN_HTNV_MBF Đồng Nai
895,Trần Hùng Cường,HT03637,075085002331,Công đoàn viên,Nhân viên VHKT & UCTT mạng viễn thông,04/09/1985,,Kinh,Tỉnh Đồng Nai,,Đại học,,,cuongth11@mobifone.vn,0908240985,MN_HTNV_MBF Đồng Nai
896,Nguyễn Duy Khánh,HT03638,075085002330,Công đoàn viên,Nhân viên VHKT & UCTT mạng viễn thông,04/09/1985,,Kinh,Tỉnh Đồng Nai,,Đại học,,,khanhnd23@mobifone.vn,0908240985,MN_HTNV_MBF Đồng Nai
897,Võ Minh Trí,HT03639,075085002329,Công đoàn viên,Nhân viên VHKT & UCTT mạng viễn thông,04/09/1985,,Kinh,Tỉnh Đồng Nai,,Đại học,,,trimv11@mobifone.vn,0908240985,MN_HTNV_MBF Đồng Nai
898,Nguyễn Duy Khánh,HT03640,075085002328,Công đoàn viên,Nhân viên VHKT & UCTT mạng viễn thông,04/09/1985,,Kinh,Tỉnh Đồng Nai,,Đại học,,,khanhnd24@mobifone.vn,0908240985,MN_HTNV_MBF Đồng Nai
899,Trần Đăng Khoa,HT03641,075085002327,Công đoàn viên,Nhân viên VHKT & UCTT mạng viễn thông,04/09/1985,,Kinh,Tỉnh Đồng Nai,,Đại học,,,khoatd16@mobifone.vn,0908240985,MN_HTNV_MBF Đồng Nai
900,Trần Hùng Cường,HT03642,075085002326,Công đoàn viên,Nhân viên VHKT & UCTT mạng viễn thông,04/09/1985,,Kinh,Tỉnh Đồng Nai,,Đại học,,,cuongth12@mobifone.vn,0908240985,MN_HTNV_MBF Đồng Nai
901,Nguyễn Duy Khánh,HT03643,075085002325,Công đoàn viên,Nhân viên VHKT & UCTT mạng viễn thông,04/09/1985,,Kinh,Tỉnh Đồng Nai,,Đại học,,,khanhnd25@mobifone.vn,0908240985,MN_HTNV_MBF Đồng Nai
902,Võ Minh Trí,HT03644,075085002324,Công đoàn viên,Nhân viên VHKT & UCTT mạng viễn thông,04/09/1985,,Kinh,Tỉnh Đồng Nai,,Đại học,,,trimv12@mobifone.vn,0908240985,MN_HTNV_MBF Đồng Nai
903,Nguyễn Duy Khánh,HT03645,075085002323,Công đoàn viên,Nhân viên VHKT & UCTT mạng viễn thông,04/09/1985,,Kinh,Tỉnh Đồng Nai,,Đại học,,,khanhnd26@mobifone.vn,0908240985,MN_HTNV_MBF Đồng Nai
904,Trần Đăng Khoa,HT03646,075085002322,Công đoàn viên,Nhân viên VHKT & UCTT mạng viễn thông,04/09/1985,,Kinh,Tỉnh Đồng Nai,,Đại học,,,khoatd17@mobifone.vn,0908240985,MN_HTNV_MBF Đồng Nai
905,Trần Hùng Cường,HT03647,075085002321,Công đoàn viên,Nhân viên VHKT & UCTT mạng viễn thông,04/09/1985,,Kinh,Tỉnh Đồng Nai,,Đại học,,,cuongth13@mobifone.vn,0908240985,MN_HTNV_MBF Đồng Nai
906,Nguyễn Duy Khánh,HT03648,075085002320,Công đoàn viên,Nhân viên VHKT & UCTT mạng viễn thông,04/09/1985,,Kinh,Tỉnh Đồng Nai,,Đại học,,,khanhnd27@mobifone.vn,0908240985,MN_HTNV_MBF Đồng Nai
907,Võ Minh Trí,HT03649,075085002319,Công đoàn viên,Nhân viên VHKT & UCTT mạng viễn thông,04/09/1985,,Kinh,Tỉnh Đồng Nai,,Đại học,,,trimv13@mobifone.vn,0908240985,MN_HTNV_MBF Đồng Nai
908,Nguyễn Duy Khánh,HT03650,075085002318,Công đoàn viên,Nhân viên VHKT & UCTT mạng viễn thông,04/09/1985,,Kinh,Tỉnh Đồng Nai,,Đại học,,,khanhnd28@mobifone.vn,0908240985,MN_HTNV_MBF Đồng Nai
909,Trần Đăng Khoa,HT03651,075085002317,Công đoàn viên,Nhân viên VHKT & UCTT mạng viễn thông,04/09/1985,,Kinh,Tỉnh Đồng Nai,,Đại học,,,khoatd18@mobifone.vn,0908240985,MN_HTNV_MBF Đồng Nai
910,Trần Hùng Cường,HT03652,075085002316,Công đoàn viên,Nhân viên VHKT & UCTT mạng viễn thông,04/09/1985,,Kinh,Tỉnh Đồng Nai,,Đại học,,,cuongth14@mobifone.vn,0908240985,MN_HTNV_MBF Đồng Nai
911,Nguyễn Duy Khánh,HT03653,075085002315,Công đoàn viên,Nhân viên VHKT & UCTT mạng viễn thông,04/09/1985,,Kinh,Tỉnh Đồng Nai,,Đại học,,,khanhnd29@mobifone.vn,0908240985,MN_HTNV_MBF Đồng Nai
912,Võ Minh Trí,HT03654,075085002314,Công đoàn viên,Nhân viên VHKT & UCTT mạng viễn thông,04/09/1985,,Kinh,Tỉnh Đồng Nai,,Đại học,,,trimv14@mobifone.vn,0908240985,MN_HTNV_MBF Đồng Nai
913,Nguyễn Duy Khánh,HT03655,075085002313,Công đoàn viên,Nhân viên VHKT & UCTT mạng viễn thông,04/09/1985,,Kinh,Tỉnh Đồng Nai,,Đại học,,,khanhnd30@mobifone.vn,0908240985,MN_HTNV_MBF Đồng Nai
914,Nguyễn Duy Khánh,HT03656,075085002312,Công đoàn viên,Nhân viên VHKT & UCTT mạng viễn thông,04/09/1985,,Kinh,Tỉnh Đồng Nai,,Đại học,,,khanhnd31@mobifone.vn,0908240985,MN_HTNV_MBF Đồng Nai
915,Nguyễn Duy Khánh,HT03657,075085002311,Công đoàn viên,Nhân viên VHKT & UCTT mạng viễn thông,04/09/1985,,Kinh,Tỉnh Đồng Nai,,Đại học,,,khanhnd32@mobifone.vn,0908240985,MN_HTNV_MBF Đồng Nai
916,Nguyễn Duy Khánh,HT03658,075085002310,Công đoàn viên,Nhân viên VHKT & UCTT mạng viễn thông,04/09/1985,,Kinh,Tỉnh Đồng Nai,,Đại học,,,khanhnd33@mobifone.vn,0908240985,MN_HTNV_MBF Đồng Nai
917,Nguyễn Duy Khánh,HT03659,075085002309,Công đoàn viên,Nhân viên VHKT & UCTT mạng viễn thông,04/09/1985,,Kinh,Tỉnh Đồng Nai,,Đại học,,,khanhnd34@mobifone.vn,0908240985,MN_HTNV_MBF Đồng Nai
918,Nguyễn Duy Khánh,HT03660,075085002308,Công đoàn viên,Nhân viên VHKT & UCTT mạng viễn thông,04/09/1985,,Kinh,Tỉnh Đồng Nai,,Đại học,,,khanhnd35@mobifone.vn,0908240985,MN_HTNV_MBF Đồng Nai
919,Nguyễn Duy Khánh,HT03661,075085002307,Công đoàn viên,Nhân viên VHKT & UCTT mạng viễn thông,04/09/1985,,Kinh,Tỉnh Đồng Nai,,Đại học,,,khanhnd36@mobifone.vn,0908240985,MN_HTNV_MBF Đồng Nai
920,Nguyễn Duy Khánh,HT03662,075085002306,Công đoàn viên,Nhân viên VHKT & UCTT mạng viễn thông,04/09/1985,,Kinh,Tỉnh Đồng Nai,,Đại học,,,khanhnd37@mobifone.vn,0908240985,MN_HTNV_MBF Đồng Nai
921,Nguyễn Duy Khánh,HT03663,075085002305,Công đoàn viên,Nhân viên VHKT & UCTT mạng viễn thông,04/09/1985,,Kinh,Tỉnh Đồng Nai,,Đại học,,,khanhnd38@mobifone.vn,0908240985,MN_HTNV_MBF Đồng Nai
922,Nguyễn Duy Khánh,HT03664,075085002304,Công đoàn viên,Nhân viên VHKT & UCTT mạng viễn thông,04/09/1985,,Kinh,Tỉnh Đồng Nai,,Đại học,,,khanhnd39@mobifone.vn,0908240985,MN_HTNV_MBF Đồng Nai
923,Nguyễn Hồng Nhiên,HT03490,093184013442,Công đoàn viên,"Nhân viên bảo trì, sửa chữa thiết bị mạng, máy tính hoặc thiết bị viễn thông (kỹ sư)",,01/01/1984,Kinh,Tỉnh Sóc Trăng,,Đại học,,,nhiennh@mobifone.vn,0903332454,MN_HTNV_MBF Sóc Trăng
924,Văn Phú Cường,HT03491,093080004508,Công đoàn viên,"Nhân viên bảo trì, sửa chữa thiết bị mạng, máy tính hoặc thiết bị viễn thông (kỹ sư)",11/04/1980,,Kinh,Tỉnh Sóc Trăng,,Đại học,,,cuongvp@mobifone.vn,0903737525,MN_HTNV_MBF Sóc Trăng
925,Phan Thụy Tường Vi,HT03492,093188021074,Công đoàn viên,"Nhân viên bảo trì, sửa chữa thiết bị mạng, máy tính hoặc thiết bị viễn thông (kỹ sư)",,29/11/1988,Kinh,Tỉnh Sóc Trăng,,Đại học,,,vptt@mobifone.vn,0938836696,MN_HTNV_MBF Sóc Trăng
926,Đào Duy Phong,HT03493,093087000574,Công đoàn viên,"Nhân viên bảo trì, sửa chữa thiết bị mạng, máy tính hoặc thiết bị viễn thông (kỹ sư)",16/09/1987,,Kinh,Tỉnh Sóc Trăng,,Đại học,,,phongdd@mobifone.vn,0903823439,MN_HTNV_MBF Sóc Trăng
927,Chu Đức Hưng,HT03494,093083017387,Công đoàn viên,"Nhân viên bảo trì, sửa chữa thiết bị mạng, máy tính hoặc thiết bị viễn thông (kỹ sư)",26/10/1983,,Kinh,Tỉnh Sóc Trăng,,Đại học,,,hungcd@mobifone.vn,0903673555,MN_HTNV_MBF Sóc Trăng
928,Lê Chí Nguyện,HT03495,093088009312,Công đoàn viên,"Nhân viên bảo trì, sửa chữa thiết bị mạng, máy tính hoặc thiết bị viễn thông (kỹ sư)",10/01/1988,,Kinh,Tỉnh Sóc Trăng,,Đại học,,,nguyenlc@mobifone.vn,0939103988,MN_HTNV_MBF Sóc Trăng
929,Mạc Đăng Bửu,HT03497,093084013146,Công đoàn viên,"Nhân viên bảo trì, sửa chữa thiết bị mạng, máy tính hoặc thiết bị viễn thông (kỹ sư)",12/03/1984,,Kinh,Tỉnh Sóc Trăng,,Đại học,,,buumd@mobifone.vn,0908123184,MN_HTNV_MBF Sóc Trăng
930,Nguyễn Việt Hùng,HT03498,093085002447,Công đoàn viên,"Nhân viên bảo trì, sửa chữa thiết bị mạng, máy tính hoặc thiết bị viễn thông (kỹ sư)",04/09/1985,,Kinh,Tỉnh Sóc Trăng,,Đại học,,,hungnv@mobifone.vn,0908855447,MN_HTNV_MBF Sóc Trăng
931,Phùng Thế Dũng,HT03499,093082015093,Công đoàn viên,"Nhân viên bảo trì, sửa chữa thiết bị mạng, máy tính hoặc thiết bị viễn thông (kỹ sư)",22/10/1982,,Kinh,Tỉnh Sóc Trăng,,Đại học,,,dungpt@mobifone.vn,0903738093,MN_HTNV_MBF Sóc Trăng
932,Cao Minh Hiếu,HT03500,093085011933,Công đoàn viên,"Nhân viên bảo trì, sửa chữa thiết bị mạng, máy tính hoặc thiết bị viễn thông (kỹ sư)",27/04/1985,,Kinh,Tỉnh Sóc Trăng,,Đại học,,,hieucm@mobifone.vn,0908422616,MN_HTNV_MBF Sóc Trăng
933,Trần Trọng Trí,HT03501,093083017416,Công đoàn viên,"Nhân viên bảo trì, sửa chữa thiết bị mạng, máy tính hoặc thiết bị viễn thông (kỹ sư)",03/10/1983,,Kinh,Tỉnh Sóc Trăng,,Đại học,,,tritt@mobifone.vn,0903332002,MN_HTNV_MBF Sóc Trăng
934,Lê Viết Đỗ Quyên,HT03502,093185011704,Công đoàn viên,"Nhân viên bảo trì, sửa chữa thiết bị mạng, máy tính hoặc thiết bị viễn thông (kỹ sư)",,18/06/1985,Kinh,Tỉnh Sóc Trăng,,Đại học,,,quyenlvd@mobifone.vn,0938668988,MN_HTNV_MBF Sóc Trăng
935,Bùi Hồng Sơn,HT03503,093088017088,Công đoàn viên,"Nhân viên bảo trì, sửa chữa thiết bị mạng, máy tính hoặc thiết bị viễn thông (kỹ sư)",10/01/1988,,Kinh,Tỉnh Sóc Trăng,,Đại học,,,sonbh@mobifone.vn,0908535188,MN_HTNV_MBF Sóc Trăng
936,Phan Minh Chánh,HT03504,093084000078,Công đoàn viên,"Nhân viên bảo trì, sửa chữa thiết bị mạng, máy tính hoặc thiết bị viễn thông (kỹ sư)",25/08/1984,,Kinh,Tỉnh Sóc Trăng,,Đại học,,,chanhpm@mobifone.vn,0908840007,MN_HTNV_MBF Sóc Trăng
937,Võ Hoài Khương,HT03505,093084001429,Công đoàn viên,"Nhân viên bảo trì, sửa chữa thiết bị mạng, máy tính hoặc thiết bị viễn thông (kỹ sư)",01/11/1984,,Kinh,Tỉnh Sóc Trăng,,Đại học,,,khuongvh@mobifone.vn,0903342288,MN_HTNV_MBF Sóc Trăng
938,Trương Đăng Khoa,HT03506,093089013589,Công đoàn viên,"Nhân viên bảo trì, sửa chữa thiết bị mạng, máy tính hoặc thiết bị viễn thông (kỹ sư)",12/03/1989,,Kinh,Tỉnh Sóc Trăng,,Đại học,,,khoatd@mobifone.vn,0908311689,MN_HTNV_MBF Sóc Trăng
939,Tống Kim Hùng,HT03507,093085002435,Công đoàn viên,"Nhân viên bảo trì, sửa chữa thiết bị mạng, máy tính hoặc thiết bị viễn thông (kỹ sư)",24/09/1985,,Kinh,Tỉnh Sóc Trăng,,Đại học,,,hungtk@mobifone.vn,0908240985,MN_HTNV_MBF Sóc Trăng
940,Nguyễn Minh Nhựt,HT03508,093088001558,Công đoàn viên,"Nhân viên bảo trì, sửa chữa thiết bị mạng, máy tính hoặc thiết bị viễn thông (kỹ sư)",15/05/1988,,Kinh,Tỉnh Sóc Trăng,,Đại học,,,nhutnm@mobifone.vn,0908150588,MN_HTNV_MBF Sóc Trăng
941,Huỳnh Ngọc Trí,HT03510,093087005187,Công đoàn viên,"Nhân viên bảo trì, sửa chữa thiết bị mạng, máy tính hoặc thiết bị viễn thông (kỹ sư)",19/11/1987,,Kinh,Tỉnh Sóc Trăng,,Đại học,,,trihn@mobifone.vn,0908911187,MN_HTNV_MBF Sóc Trăng
942,Lâm Văn Thảo,HT03511,093085002445,Công đoàn viên,"Nhân viên bảo trì, sửa chữa thiết bị mạng, máy tính hoặc thiết bị viễn thông (kỹ sư)",26/08/1985,,Kinh,Tỉnh Sóc Trăng,,Đại học,,,thaolv@mobifone.vn,0908260885,MN_HTNV_MBF Sóc Trăng
943,Nguyễn Minh Trí,HT03512,093088017084,Công đoàn viên,"Nhân viên bảo trì, sửa chữa thiết bị mạng, máy tính hoặc thiết bị viễn thông (kỹ sư)",10/01/1988,,Kinh,Tỉnh Sóc Trăng,,Đại học,,,trinm@mobifone.vn,0908100188,MN_HTNV_MBF Sóc Trăng
944,Vương Tuấn Kiệt,HT03513,093085002450,Công đoàn viên,"Nhân viên bảo trì, sửa chữa thiết bị mạng, máy tính hoặc thiết bị viễn thông (kỹ sư)",11/12/1985,,Kinh,Tỉnh Sóc Trăng,,Đại học,,,kietvt@mobifone.vn,0908111285,MN_HTNV_MBF Sóc Trăng
945,Nguyễn Thành Tài,HT03514,093088017082,Công đoàn viên,"Nhân viên bảo trì, sửa chữa thiết bị mạng, máy tính hoặc thiết bị viễn thông (kỹ sư)",10/01/1988,,Kinh,Tỉnh Sóc Trăng,,Đại học,,,taint@mobifone.vn,0908100182,MN_HTNV_MBF Sóc Trăng
946,Hồ Ngọc Tân,HT03515,093088017087,Công đoàn viên,"Nhân viên bảo trì, sửa chữa thiết bị mạng, máy tính hoặc thiết bị viễn thông (kỹ sư)",10/01/1988,,Kinh,Tỉnh Sóc Trăng,,Đại học,,,tanhn@mobifone.vn,0908100187,MN_HTNV_MBF Sóc Trăng
947,Nguyễn Nhựt Thanh,HT03516,093088017085,Công đoàn viên,"Nhân viên bảo trì, sửa chữa thiết bị mạng, máy tính hoặc thiết bị viễn thông (kỹ sư)",10/01/1988,,Kinh,Tỉnh Sóc Trăng,,Đại học,,,thanhnn@mobifone.vn,0908100185,MN_HTNV_MBF Sóc Trăng
948,Nguyễn Duy Tân,HT03517,093088017086,Công đoàn viên,"Nhân viên bảo trì, sửa chữa thiết bị mạng, máy tính hoặc thiết bị viễn thông (kỹ sư)",10/01/1988,,Kinh,Tỉnh Sóc Trăng,,Đại học,,,tannnd@mobifone.vn,0908100186,MN_HTNV_MBF Sóc Trăng
949,Trần Đăng Khoa,HT03518,093088017089,Công đoàn viên,"Nhân viên bảo trì, sửa chữa thiết bị mạng, máy tính hoặc thiết bị viễn thông (kỹ sư)",10/01/1988,,Kinh,Tỉnh Sóc Trăng,,Đại học,,,khoatd1@mobifone.vn,0908100189,MN_HTNV_MBF Sóc Trăng
950,Phạm Tấn Đạt,HT03519,093088017083,Công đoàn viên,"Nhân viên bảo trì, sửa chữa thiết bị mạng, máy tính hoặc thiết bị viễn thông (kỹ sư)",10/01/1988,,Kinh,Tỉnh Sóc Trăng,,Đại học,,,datpt@mobifone.vn,0908100183,MN_HTNV_MBF Sóc Trăng
951,Phan Tuấn Khanh,HT03520,093088017081,Công đoàn viên,"Nhân viên bảo trì, sửa chữa thiết bị mạng, máy tính hoặc thiết bị viễn thông (kỹ sư)",10/01/1988,,Kinh,Tỉnh Sóc Trăng,,Đại học,,,khanhpt@mobifone.vn,0908100181,MN_HTNV_MBF Sóc Trăng
952,Đoàn Minh Hải,HT03521,093088017080,Công đoàn viên,"Nhân viên bảo trì, sửa chữa thiết bị mạng, máy tính hoặc thiết bị viễn thông (kỹ sư)",10/01/1988,,Kinh,Tỉnh Sóc Trăng,,Đại học,,,haidm@mobifone.vn,0908100180,MN_HTNV_MBF Sóc Trăng
953,Lê Quốc Thắng,HT03522,093085002446,Công đoàn viên,"Nhân viên bảo trì, sửa chữa thiết bị mạng, máy tính hoặc thiết bị viễn thông (kỹ sư)",04/09/1985,,Kinh,Tỉnh Sóc Trăng,,Đại học,,,thanglq@mobifone.vn,0908855446,MN_HTNV_MBF Sóc Trăng
954,Đỗ Duy Bình,HT03523,093085002448,Công đoàn viên,"Nhân viên bảo trì, sửa chữa thiết bị mạng, máy tính hoặc thiết bị viễn thông (kỹ sư)",04/09/1985,,Kinh,Tỉnh Sóc Trăng,,Đại học,,,binhdd@mobifone.vn,0908855448,MN_HTNV_MBF Sóc Trăng
955,Trần Minh Trung,HT03524,093085002449,Công đoàn viên,"Nhân viên bảo trì, sửa chữa thiết bị mạng, máy tính hoặc thiết bị viễn thông (kỹ sư)",04/09/1985,,Kinh,Tỉnh Sóc Trăng,,Đại học,,,trungtm@mobifone.vn,0908855449,MN_HTNV_MBF Sóc Trăng
956,Trịnh Thanh Hùng,HT03525,093085002444,Công đoàn viên,"Nhân viên bảo trì, sửa chữa thiết bị mạng, máy tính hoặc thiết bị viễn thông (kỹ sư)",04/09/1985,,Kinh,Tỉnh Sóc Trăng,,Đại học,,,hungtt@mobifone.vn,0908855444,MN_HTNV_MBF Sóc Trăng
957,Nguyễn Thành Long,HT03526,093085002443,Công đoàn viên,"Nhân viên bảo trì, sửa chữa thiết bị mạng, máy tính hoặc thiết bị viễn thông (kỹ sư)",04/09/1985,,Kinh,Tỉnh Sóc Trăng,,Đại học,,,longnt@mobifone.vn,0908855443,MN_HTNV_MBF Sóc Trăng
958,Nguyễn Tấn Đạt,HT03527,093085002442,Công đoàn viên,"Nhân viên bảo trì, sửa chữa thiết bị mạng, máy tính hoặc thiết bị viễn thông (kỹ sư)",04/09/1985,,Kinh,Tỉnh Sóc Trăng,,Đại học,,,datnt@mobifone.vn,0908855442,MN_HTNV_MBF Sóc Trăng
959,Nguyễn Duy Minh,HT03528,093085002441,Công đoàn viên,"Nhân viên bảo trì, sửa chữa thiết bị mạng, máy tính hoặc thiết bị viễn thông (kỹ sư)",04/09/1985,,Kinh,Tỉnh Sóc Trăng,,Đại học,,,minhnd@mobifone.vn,0908855441,MN_HTNV_MBF Sóc Trăng
960,Nguyễn Thành Danh,HT03529,093085002440,Công đoàn viên,"Nhân viên bảo trì, sửa chữa thiết bị mạng, máy tính hoặc thiết bị viễn thông (kỹ sư)",04/09/1985,,Kinh,Tỉnh Sóc Trăng,,Đại học,,,danhnt@mobifone.vn,0908855440,MN_HTNV_MBF Sóc Trăng
961,Trần Tấn Trực,HT03530,093085002439,Công đoàn viên,"Nhân viên bảo trì, sửa chữa thiết bị mạng, máy tính hoặc thiết bị viễn thông (kỹ sư)",04/09/1985,,Kinh,Tỉnh Sóc Trăng,,Đại học,,,tructt@mobifone.vn,0908855439,MN_HTNV_MBF Sóc Trăng
962,Hà Vũ Bằng,HT03531,093085002438,Công đoàn viên,"Nhân viên bảo trì, sửa chữa thiết bị mạng, máy tính hoặc thiết bị viễn thông (kỹ sư)",04/09/1985,,Kinh,Tỉnh Sóc Trăng,,Đại học,,,banghv@mobifone.vn,0908855438,MN_HTNV_MBF Sóc Trăng
963,Dương Tấn Khoa,HT03532,093085002437,Công đoàn viên,"Nhân viên bảo trì, sửa chữa thiết bị mạng, máy tính hoặc thiết bị viễn thông (kỹ sư)",04/09/1985,,Kinh,Tỉnh Sóc Trăng,,Đại học,,,khoadt@mobifone.vn,0908855437,MN_HTNV_MBF Sóc Trăng
964,Nguyễn Hoài Bảo,HT03533,093085002436,Công đoàn viên,"Nhân viên bảo trì, sửa chữa thiết bị mạng, máy tính hoặc thiết bị viễn thông (kỹ sư)",04/09/1985,,Kinh,Tỉnh Sóc Trăng,,Đại học,,,baonh@mobifone.vn,0908855436,MN_HTNV_MBF Sóc Trăng
965,Phan Anh Vũ,HT03534,093085002434,Công đoàn viên,"Nhân viên bảo trì, sửa chữa thiết bị mạng, máy tính hoặc thiết bị viễn thông (kỹ sư)",04/09/1985,,Kinh,Tỉnh Sóc Trăng,,Đại học,,,vupa@mobifone.vn,0908240985,MN_HTNV_MBF Sóc Trăng
966,Nguyễn Chí Tôn,HT03535,093085002433,Công đoàn viên,"Nhân viên bảo trì, sửa chữa thiết bị mạng, máy tính hoặc thiết bị viễn thông (kỹ sư)",04/09/1985,,Kinh,Tỉnh Sóc Trăng,,Đại học,,,tonnc@mobifone.vn,0908240985,MN_HTNV_MBF Sóc Trăng
967,Nguyễn Hoài Ân,HT03536,093085002432,Công đoàn viên,"Nhân viên bảo trì, sửa chữa thiết bị mạng, máy tính hoặc thiết bị viễn thông (kỹ sư)",04/09/1985,,Kinh,Tỉnh Sóc Trăng,,Đại học,,,annh@mobifone.vn,0908240985,MN_HTNV_MBF Sóc Trăng
968,Nguyễn Hoài Nam,HT03537,093085002431,Công đoàn viên,"Nhân viên bảo trì, sửa chữa thiết bị mạng, máy tính hoặc thiết bị viễn thông (kỹ sư)",04/09/1985,,Kinh,Tỉnh Sóc Trăng,,Đại học,,,namnh@mobifone.vn,0908240985,MN_HTNV_MBF Sóc Trăng
969,Trần Hùng Cường,HT03538,093085002430,Công đoàn viên,"Nhân viên bảo trì, sửa chữa thiết bị mạng, máy tính hoặc thiết bị viễn thông (kỹ sư)",04/09/1985,,Kinh,Tỉnh Sóc Trăng,,Đại học,,,cuongth@mobifone.vn,0908240985,MN_HTNV_MBF Sóc Trăng
970,Lâm Minh Nhật,HT03539,093085002429,Công đoàn viên,"Nhân viên bảo trì, sửa chữa thiết bị mạng, máy tính hoặc thiết bị viễn thông (kỹ sư)",04/09/1985,,Kinh,Tỉnh Sóc Trăng,,Đại học,,,nhatlm@mobifone.vn,0908240985,MN_HTNV_MBF Sóc Trăng
971,Đinh Văn Ngọc,HT03540,093085002428,Công đoàn viên,"Nhân viên bảo trì, sửa chữa thiết bị mạng, máy tính hoặc thiết bị viễn thông (kỹ sư)",04/09/1985,,Kinh,Tỉnh Sóc Trăng,,Đại học,,,ngocdv@mobifone.vn,0908240985,MN_HTNV_MBF Sóc Trăng
972,Dương Tấn Đạt,HT03541,093085002427,Công đoàn viên,"Nhân viên bảo trì, sửa chữa thiết bị mạng, máy tính hoặc thiết bị viễn thông (kỹ sư)",04/09/1985,,Kinh,Tỉnh Sóc Trăng,,Đại học,,,datdt@mobifone.vn,0908240985,MN_HTNV_MBF Sóc Trăng
973,Thái Hữu Định,HT03542,093085002426,Công đoàn viên,"Nhân viên bảo trì, sửa chữa thiết bị mạng, máy tính hoặc thiết bị viễn thông (kỹ sư)",04/09/1985,,Kinh,Tỉnh Sóc Trăng,,Đại học,,,dinhth@mobifone.vn,0908240985,MN_HTNV_MBF Sóc Trăng
974,Nguyễn Minh Nhẫn,HT03543,093085002425,Công đoàn viên,"Nhân viên bảo trì, sửa chữa thiết bị mạng, máy tính hoặc thiết bị viễn thông (kỹ sư)",04/09/1985,,Kinh,Tỉnh Sóc Trăng,,Đại học,,,nhannm@mobifone.vn,0908240985,MN_HTNV_MBF Sóc Trăng
975,Đoàn Minh Trí,HT03544,093085002406,Công đoàn viên,"Nhân viên bảo trì, sửa chữa thiết bị mạng, máy tính hoặc thiết bị viễn thông (kỹ sư)",04/09/1985,,Kinh,Tỉnh Sóc Trăng,,Đại học,,,tridm@mobifone.vn,0908240985,MN_HTNV_MBF Sóc Trăng
976,Lê Quốc Hưng,HT03545,093085002405,Công đoàn viên,"Nhân viên bảo trì, sửa chữa thiết bị mạng, máy tính hoặc thiết bị viễn thông (kỹ sư)",04/09/1985,,Kinh,Tỉnh Sóc Trăng,,Đại học,,,hunglq@mobifone.vn,0908240985,MN_HTNV_MBF Sóc Trăng
977,Vương Quốc Cường,HT03546,093085002404,Công đoàn viên,"Nhân viên bảo trì, sửa chữa thiết bị mạng, máy tính hoặc thiết bị viễn thông (kỹ sư)",04/09/1985,,Kinh,Tỉnh Sóc Trăng,,Đại học,,,cuongvq@mobifone.vn,0908240985,MN_HTNV_MBF Sóc Trăng
978,Lý Văn Bình,HT03547,093085002403,Công đoàn viên,"Nhân viên bảo trì, sửa chữa thiết bị mạng, máy tính hoặc thiết bị viễn thông (kỹ sư)",04/09/1985,,Kinh,Tỉnh Sóc Trăng,,Đại học,,,binhlv@mobifone.vn,0908240985,MN_HTNV_MBF Sóc Trăng
979,Nguyễn Hoài Thương,HT03548,093085002402,Công đoàn viên,"Nhân viên bảo trì, sửa chữa thiết bị mạng, máy tính hoặc thiết bị viễn thông (kỹ sư)",04/09/1985,,Kinh,Tỉnh Sóc Trăng,,Đại học,,,thuongnh@mobifone.vn,0908240985,MN_HTNV_MBF Sóc Trăng
980,Trần Thanh Liêm,HT03549,093085002401,Công đoàn viên,"Nhân viên bảo trì, sửa chữa thiết bị mạng, máy tính hoặc thiết bị viễn thông (kỹ sư)",04/09/1985,,Kinh,Tỉnh Sóc Trăng,,Đại học,,,liemtt@mobifone.vn,0908240985,MN_HTNV_MBF Sóc Trăng
981,Trịnh Hùng Thuận,HT03550,093085002400,Công đoàn viên,"Nhân viên bảo trì, sửa chữa thiết bị mạng, máy tính hoặc thiết bị viễn thông (kỹ sư)",04/09/1985,,Kinh,Tỉnh Sóc Trăng,,Đại học,,,thuanth@mobifone.vn,0908240985,MN_HTNV_MBF Sóc Trăng
982,Trần Hoài Nam,HT03551,093085002399,Công đoàn viên,"Nhân viên bảo trì, sửa chữa thiết bị mạng, máy tính hoặc thiết bị viễn thông (kỹ sư)",04/09/1985,,Kinh,Tỉnh Sóc Trăng,,Đại học,,,namth@mobifone.vn,0908240985,MN_HTNV_MBF Sóc Trăng
983,Nguyễn Quốc Huy,HT03552,093085002398,Công đoàn viên,"Nhân viên bảo trì, sửa chữa thiết bị mạng, máy tính hoặc thiết bị viễn thông (kỹ sư)",04/09/1985,,Kinh,Tỉnh Sóc Trăng,,Đại học,,,huynq1@mobifone.vn,0908240985,MN_HTNV_MBF Sóc Trăng
984,Phan Hoài Nam,HT03553,093085002397,Công đoàn viên,"Nhân viên bảo trì, sửa chữa thiết bị mạng, máy tính hoặc thiết bị viễn thông (kỹ sư)",04/09/1985,,Kinh,Tỉnh Sóc Trăng,,Đại học,,,namph@mobifone.vn,0908240985,MN_HTNV_MBF Sóc Trăng
985,Trần Hoài Thương,HT03554,093085002396,Công đoàn viên,"Nhân viên bảo trì, sửa chữa thiết bị mạng, máy tính hoặc thiết bị viễn thông (kỹ sư)",04/09/1985,,Kinh,Tỉnh Sóc Trăng,,Đại học,,,thuongth@mobifone.vn,0908240985,MN_HTNV_MBF Sóc Trăng
986,Nguyễn Quốc Thương,HT03555,093085002395,Công đoàn viên,"Nhân viên bảo trì, sửa chữa thiết bị mạng, máy tính hoặc thiết bị viễn thông (kỹ sư)",04/09/1985,,Kinh,Tỉnh Sóc Trăng,,Đại học,,,thuongnq@mobifone.vn,0908240985,MN_HTNV_MBF Sóc Trăng
987,Nguyễn Trường Chinh,HT03556,093085002394,Công đoàn viên,"Nhân viên bảo trì, sửa chữa thiết bị mạng, máy tính hoặc thiết bị viễn thông (kỹ sư)",04/09/1985,,Kinh,Tỉnh Sóc Trăng,,Đại học,,,chinhnt1@mobifone.vn,0908240985,MN_HTNV_MBF Sóc Trăng
988,Đinh Hùng Cường,HT03557,093085002393,Công đoàn viên,"Nhân viên bảo trì, sửa chữa thiết bị mạng, máy tính hoặc thiết bị viễn thông (kỹ sư)",04/09/1985,,Kinh,Tỉnh Sóc Trăng,,Đại học,,,cuongdh@mobifone.vn,0908240985,MN_HTNV_MBF Sóc Trăng
989,Trần Đăng Khoa,HT03558,093085002392,Công đoàn viên,"Nhân viên bảo trì, sửa chữa thiết bị mạng, máy tính hoặc thiết bị viễn thông (kỹ sư)",04/09/1985,,Kinh,Tỉnh Sóc Trăng,,Đại học,,,khoatd2@mobifone.vn,0908240985,MN_HTNV_MBF Sóc Trăng
990,Trịnh Đăng Khoa,HT03559,093085002391,Công đoàn viên,"Nhân viên bảo trì, sửa chữa thiết bị mạng, máy tính hoặc thiết bị viễn thông (kỹ sư)",04/09/1985,,Kinh,Tỉnh Sóc Trăng,,Đại học,,,khoatd3@mobifone.vn,0908240985,MN_HTNV_MBF Sóc Trăng
991,Lâm Đăng Khoa,HT03560,093085002390,Công đoàn viên,"Nhân viên bảo trì, sửa chữa thiết bị mạng, máy tính hoặc thiết bị viễn thông (kỹ sư)",04/09/1985,,Kinh,Tỉnh Sóc Trăng,,Đại học,,,khoald@mobifone.vn,0908240985,MN_HTNV_MBF Sóc Trăng
992,Đỗ Minh Trí,HT03561,093085002389,Công đoàn viên,"Nhân viên bảo trì, sửa chữa thiết bị mạng, máy tính hoặc thiết bị viễn thông (kỹ sư)",04/09/1985,,Kinh,Tỉnh Sóc Trăng,,Đại học,,,tridm1@mobifone.vn,0908240985,MN_HTNV_MBF Sóc Trăng
993,Lê Hùng Cường,HT03562,093085002388,Công đoàn viên,"Nhân viên bảo trì, sửa chữa thiết bị mạng, máy tính hoặc thiết bị viễn thông (kỹ sư)",04/09/1985,,Kinh,Tỉnh Sóc Trăng,,Đại học,,,cuonglh@mobifone.vn,0908240985,MN_HTNV_MBF Sóc Trăng
994,Nguyễn Hoài Thương,HT03563,093085002387,Công đoàn viên,"Nhân viên bảo trì, sửa chữa thiết bị mạng, máy tính hoặc thiết bị viễn thông (kỹ sư)",04/09/1985,,Kinh,Tỉnh Sóc Trăng,,Đại học,,,thuongnh1@mobifone.vn,0908240985,MN_HTNV_MBF Sóc Trăng
995,Trần Đăng Khoa,HT03564,093085002386,Công đoàn viên,"Nhân viên bảo trì, sửa chữa thiết bị mạng, máy tính hoặc thiết bị viễn thông (kỹ sư)",04/09/1985,,Kinh,Tỉnh Sóc Trăng,,Đại học,,,khoatd4@mobifone.vn,0908240985,MN_HTNV_MBF Sóc Trăng
996,Nguyễn Duy Khánh,HT03565,093085002385,Công đoàn viên,"Nhân viên bảo trì, sửa chữa thiết bị mạng, máy tính hoặc thiết bị viễn thông (kỹ sư)",04/09/1985,,Kinh,Tỉnh Sóc Trăng,,Đại học,,,khanhnd1@mobifone.vn,0908240985,MN_HTNV_MBF Sóc Trăng
997,Võ Minh Trí,HT03566,093085002384,Công đoàn viên,"Nhân viên bảo trì, sửa chữa thiết bị mạng, máy tính hoặc thiết bị viễn thông (kỹ sư)",04/09/1985,,Kinh,Tỉnh Sóc Trăng,,Đại học,,,trimv@mobifone.vn,0908240985,MN_HTNV_MBF Sóc Trăng
998,Phan Thị Thuỳ Dương,HT03505,093190001086,Công đoàn viên,"Nhân viên bảo trì, sửa chữa thiết bị mạng, máy tính hoặc thiết bị viễn thông (kỹ sư)",,10/05/1990,Kinh,Tỉnh Sóc Trăng,,Cao đẳng,,,thuyduong.phan10@mobifone.vn,0939525282,MN_HTNV_MBF Sóc Trăng
